Segment,Category
Consumer,Furniture
Consumer,Furniture
Home Office,Office Supplies
Consumer,Office Supplies
Consumer,Furniture
Consumer,Furniture
Consumer,Office Supplies
Consumer,Office Supplies
Consumer,Office Supplies
Consumer,Office Supplies
Corporate,Technology
Corporate,Office Supplies
Corporate,Office Supplies
Consumer,Office Supplies
Consumer,Office Supplies
Consumer,Furniture
Consumer,Office Supplies
Corporate,Technology
Consumer,Office Supplies
Consumer,Office Supplies
Consumer,Office Supplies
Home Office,Office Supplies
Corporate,Technology
Consumer,Office Supplies
Consumer,Office Supplies
Consumer,Office Supplies
Consumer,Office Supplies
Consumer,Office Supplies
Corporate,Furniture
Consumer,Office Supplies
Home Office,Office Supplies
Home Office,Furniture
Corporate,Office Supplies
Corporate,Office Supplies
Corporate,Office Supplies
Corporate,Office Supplies
Corporate,Office Supplies
Corporate,Furniture
Consumer,Office Supplies
Consumer,Technology
Corporate,Technology
Corporate,Office Supplies
Consumer,Office Supplies
Consumer,Office Supplies
Consumer,Technology
Consumer,Office Supplies
Consumer,Office Supplies
Consumer,Office Supplies
Home Office,Office Supplies
Home Office,Office Supplies
Home Office,Technology
Home Office,Office Supplies
Home Office,Technology
Home Office,Office Supplies
Home Office,Technology
Home Office,Furniture
Consumer,Office Supplies
Consumer,Office Supplies
Consumer,Office Supplies
Home Office,Office Supplies
Consumer,Office Supplies
Consumer,Technology
Consumer,Technology
Consumer,Office Supplies
Corporate,Furniture
Corporate,Furniture
Consumer,Office Supplies
Consumer,Furniture
Consumer,Office Supplies
Consumer,Office Supplies
Consumer,Technology
Consumer,Furniture
Consumer,Furniture
Consumer,Office Supplies
Consumer,Office Supplies
Consumer,Office Supplies
Consumer,Office Supplies
Consumer,Office Supplies
Corporate,Furniture
Consumer,Technology
Consumer,Office Supplies
Consumer,Technology
Consumer,Office Supplies
Consumer,Office Supplies
Home Office,Office Supplies
Home Office,Technology
Home Office,Office Supplies
Home Office,Office Supplies
Home Office,Furniture
Home Office,Office Supplies
Home Office,Office Supplies
Home Office,Office Supplies
Home Office,Office Supplies
Home Office,Technology
Home Office,Office Supplies
Home Office,Technology
Home Office,Technology
Consumer,Office Supplies
Home Office,Technology
Home Office,Office Supplies
Home Office,Office Supplies
Home Office,Office Supplies
Corporate,Office Supplies
Corporate,Office Supplies
Corporate,Furniture
Corporate,Office Supplies
Corporate,Office Supplies
Corporate,Office Supplies
Corporate,Technology
Home Office,Technology
Home Office,Office Supplies
Consumer,Office Supplies
Corporate,Office Supplies
Corporate,Office Supplies
Corporate,Technology
Corporate,Office Supplies
Corporate,Office Supplies
Consumer,Office Supplies
Consumer,Office Supplies
Consumer,Furniture
Consumer,Technology
Consumer,Office Supplies
Consumer,Technology
Consumer,Technology
Consumer,Technology
Home Office,Technology
Home Office,Furniture
Consumer,Office Supplies
Home Office,Technology
Consumer,Office Supplies
Consumer,Office Supplies
Consumer,Office Supplies
Consumer,Office Supplies
Consumer,Office Supplies
Consumer,Office Supplies
Consumer,Office Supplies
Consumer,Office Supplies
Consumer,Office Supplies
Consumer,Furniture
Corporate,Office Supplies
Corporate,Technology
Corporate,Office Supplies
Corporate,Office Supplies
Corporate,Office Supplies
Corporate,Furniture
Consumer,Office Supplies
Home Office,Office Supplies
Home Office,Office Supplies
Home Office,Furniture
Consumer,Furniture
Consumer,Furniture
Consumer,Office Supplies
Consumer,Technology
Consumer,Office Supplies
Home Office,Technology
Corporate,Technology
Corporate,Office Supplies
Corporate,Office Supplies
Consumer,Furniture
Consumer,Office Supplies
Consumer,Office Supplies
Corporate,Furniture
Corporate,Office Supplies
Corporate,Technology
Consumer,Office Supplies
Consumer,Office Supplies
Consumer,Office Supplies
Consumer,Office Supplies
Home Office,Office Supplies
Home Office,Office Supplies
Home Office,Furniture
Home Office,Office Supplies
Consumer,Office Supplies
Consumer,Office Supplies
Consumer,Office Supplies
Corporate,Office Supplies
Corporate,Technology
Consumer,Furniture
Consumer,Furniture
Corporate,Technology
Corporate,Office Supplies
Home Office,Office Supplies
Consumer,Office Supplies
Consumer,Technology
Consumer,Furniture
Consumer,Office Supplies
Corporate,Furniture
Consumer,Office Supplies
Home Office,Furniture
Consumer,Office Supplies
Corporate,Office Supplies
Corporate,Furniture
Corporate,Technology
Corporate,Office Supplies
Consumer,Furniture
Consumer,Office Supplies
Consumer,Technology
Consumer,Furniture
Consumer,Office Supplies
Consumer,Office Supplies
Corporate,Office Supplies
Consumer,Office Supplies
Consumer,Office Supplies
Corporate,Office Supplies
Corporate,Technology
Consumer,Office Supplies
Consumer,Furniture
Consumer,Office Supplies
Consumer,Office Supplies
Consumer,Furniture
Home Office,Furniture
Home Office,Technology
Consumer,Technology
Home Office,Office Supplies
Home Office,Office Supplies
Home Office,Furniture
Home Office,Office Supplies
Home Office,Technology
Home Office,Furniture
Home Office,Office Supplies
Home Office,Technology
Home Office,Furniture
Home Office,Furniture
Corporate,Technology
Corporate,Technology
Corporate,Office Supplies
Corporate,Office Supplies
Consumer,Office Supplies
Home Office,Office Supplies
Home Office,Furniture
Corporate,Furniture
Corporate,Technology
Home Office,Office Supplies
Home Office,Office Supplies
Corporate,Office Supplies
Home Office,Technology
Home Office,Technology
Home Office,Office Supplies
Home Office,Office Supplies
Home Office,Furniture
Home Office,Furniture
Consumer,Technology
Consumer,Office Supplies
Corporate,Office Supplies
Corporate,Technology
Consumer,Office Supplies
Corporate,Office Supplies
Corporate,Technology
Consumer,Office Supplies
Consumer,Furniture
Consumer,Furniture
Home Office,Office Supplies
Home Office,Technology
Home Office,Furniture
Home Office,Office Supplies
Home Office,Office Supplies
Consumer,Office Supplies
Consumer,Furniture
Consumer,Technology
Consumer,Office Supplies
Consumer,Office Supplies
Consumer,Office Supplies
Corporate,Office Supplies
Corporate,Office Supplies
Corporate,Technology
Corporate,Technology
Corporate,Office Supplies
Corporate,Office Supplies
Corporate,Furniture
Corporate,Office Supplies
Consumer,Office Supplies
Corporate,Office Supplies
Corporate,Office Supplies
Consumer,Office Supplies
Consumer,Office Supplies
Consumer,Furniture
Consumer,Technology
Consumer,Technology
Consumer,Furniture
Corporate,Furniture
Corporate,Office Supplies
Corporate,Office Supplies
Consumer,Office Supplies
Home Office,Furniture
Home Office,Office Supplies
Home Office,Office Supplies
Consumer,Office Supplies
Consumer,Office Supplies
Consumer,Office Supplies
Consumer,Office Supplies
Consumer,Office Supplies
Corporate,Office Supplies
Corporate,Technology
Corporate,Office Supplies
Corporate,Office Supplies
Consumer,Office Supplies
Consumer,Furniture
Home Office,Office Supplies
Corporate,Office Supplies
Home Office,Office Supplies
Home Office,Office Supplies
Home Office,Office Supplies
Home Office,Technology
Consumer,Office Supplies
Consumer,Office Supplies
Home Office,Technology
Consumer,Office Supplies
Consumer,Office Supplies
Corporate,Office Supplies
Corporate,Office Supplies
Consumer,Office Supplies
Consumer,Office Supplies
Corporate,Technology
Consumer,Technology
Consumer,Office Supplies
Home Office,Office Supplies
Home Office,Technology
Home Office,Furniture
Home Office,Furniture
Consumer,Technology
Corporate,Office Supplies
Corporate,Office Supplies
Corporate,Technology
Consumer,Furniture
Consumer,Office Supplies
Home Office,Technology
Home Office,Office Supplies
Home Office,Furniture
Home Office,Office Supplies
Home Office,Technology
Home Office,Furniture
Corporate,Technology
Corporate,Office Supplies
Consumer,Office Supplies
Home Office,Office Supplies
Home Office,Office Supplies
Home Office,Technology
Home Office,Technology
Home Office,Office Supplies
Home Office,Office Supplies
Consumer,Office Supplies
Home Office,Office Supplies
Home Office,Technology
Home Office,Office Supplies
Home Office,Furniture
Home Office,Technology
Home Office,Office Supplies
Home Office,Technology
Consumer,Office Supplies
Consumer,Office Supplies
Consumer,Office Supplies
Consumer,Office Supplies
Consumer,Technology
Corporate,Technology
Corporate,Technology
Home Office,Office Supplies
Home Office,Office Supplies
Home Office,Technology
Home Office,Technology
Consumer,Technology
Consumer,Furniture
Consumer,Office Supplies
Consumer,Technology
Consumer,Office Supplies
Corporate,Office Supplies
Corporate,Office Supplies
Corporate,Office Supplies
Corporate,Office Supplies
Consumer,Office Supplies
Consumer,Office Supplies
Consumer,Technology
Consumer,Office Supplies
Consumer,Technology
Consumer,Technology
Consumer,Office Supplies
Consumer,Office Supplies
Consumer,Office Supplies
Consumer,Office Supplies
Home Office,Office Supplies
Home Office,Office Supplies
Home Office,Office Supplies
Consumer,Office Supplies
Consumer,Technology
Consumer,Furniture
Consumer,Office Supplies
Consumer,Office Supplies
Consumer,Office Supplies
Consumer,Technology
Corporate,Office Supplies
Corporate,Office Supplies
Corporate,Office Supplies
Home Office,Office Supplies
Consumer,Office Supplies
Consumer,Technology
Consumer,Technology
Consumer,Technology
Consumer,Office Supplies
Consumer,Furniture
Consumer,Furniture
Consumer,Office Supplies
Corporate,Office Supplies
Corporate,Office Supplies
Consumer,Furniture
Corporate,Technology
Consumer,Technology
Consumer,Office Supplies
Consumer,Office Supplies
Consumer,Office Supplies
Consumer,Office Supplies
Consumer,Office Supplies
Consumer,Furniture
Consumer,Office Supplies
Consumer,Office Supplies
Consumer,Office Supplies
Corporate,Office Supplies
Consumer,Office Supplies
Home Office,Office Supplies
Home Office,Office Supplies
Home Office,Furniture
Home Office,Office Supplies
Home Office,Furniture
Consumer,Office Supplies
Consumer,Office Supplies
Corporate,Office Supplies
Home Office,Office Supplies
Consumer,Office Supplies
Consumer,Office Supplies
Consumer,Technology
Corporate,Office Supplies
Corporate,Technology
Corporate,Office Supplies
Corporate,Technology
Corporate,Furniture
Consumer,Furniture
Corporate,Office Supplies
Consumer,Technology
Consumer,Office Supplies
Consumer,Office Supplies
Consumer,Office Supplies
Consumer,Technology
Consumer,Technology
Corporate,Furniture
Corporate,Furniture
Corporate,Furniture
Consumer,Office Supplies
Corporate,Office Supplies
Consumer,Office Supplies
Consumer,Furniture
Consumer,Technology
Home Office,Office Supplies
Corporate,Furniture
Home Office,Technology
Home Office,Office Supplies
Corporate,Technology
Corporate,Technology
Corporate,Office Supplies
Corporate,Office Supplies
Corporate,Office Supplies
Consumer,Furniture
Home Office,Office Supplies
Home Office,Office Supplies
Home Office,Office Supplies
Consumer,Office Supplies
Consumer,Office Supplies
Consumer,Office Supplies
Consumer,Furniture
Consumer,Technology
Consumer,Office Supplies
Consumer,Furniture
Consumer,Furniture
Consumer,Technology
Consumer,Furniture
Corporate,Office Supplies
Corporate,Office Supplies
Corporate,Furniture
Corporate,Technology
Corporate,Office Supplies
Corporate,Office Supplies
Corporate,Office Supplies
Corporate,Furniture
Consumer,Office Supplies
Consumer,Office Supplies
Consumer,Office Supplies
Home Office,Office Supplies
Consumer,Office Supplies
Consumer,Technology
Consumer,Furniture
Corporate,Furniture
Consumer,Furniture
Consumer,Technology
Consumer,Office Supplies
Consumer,Technology
Home Office,Furniture
Home Office,Technology
Consumer,Office Supplies
Corporate,Office Supplies
Corporate,Technology
Corporate,Office Supplies
Corporate,Office Supplies
Corporate,Office Supplies
Consumer,Office Supplies
Consumer,Office Supplies
Consumer,Office Supplies
Consumer,Office Supplies
Corporate,Furniture
Corporate,Technology
Consumer,Office Supplies
Corporate,Technology
Corporate,Office Supplies
Corporate,Office Supplies
Corporate,Furniture
Corporate,Furniture
Consumer,Furniture
Home Office,Furniture
Home Office,Technology
Home Office,Office Supplies
Consumer,Office Supplies
Consumer,Furniture
Consumer,Office Supplies
Consumer,Technology
Home Office,Technology
Home Office,Office Supplies
Home Office,Technology
Home Office,Office Supplies
Home Office,Office Supplies
Home Office,Office Supplies
Corporate,Office Supplies
Home Office,Furniture
Home Office,Furniture
Home Office,Office Supplies
Home Office,Furniture
Home Office,Technology
Home Office,Office Supplies
Home Office,Technology
Corporate,Furniture
Corporate,Office Supplies
Home Office,Office Supplies
Home Office,Office Supplies
Home Office,Office Supplies
Home Office,Office Supplies
Corporate,Furniture
Corporate,Furniture
Home Office,Office Supplies
Home Office,Office Supplies
Home Office,Office Supplies
Home Office,Office Supplies
Home Office,Office Supplies
Home Office,Office Supplies
Consumer,Office Supplies
Consumer,Office Supplies
Consumer,Office Supplies
Consumer,Office Supplies
Corporate,Office Supplies
Corporate,Office Supplies
Home Office,Office Supplies
Home Office,Office Supplies
Consumer,Office Supplies
Consumer,Technology
Corporate,Furniture
Corporate,Office Supplies
Home Office,Technology
Home Office,Office Supplies
Consumer,Office Supplies
Consumer,Furniture
Consumer,Technology
Consumer,Office Supplies
Home Office,Office Supplies
Consumer,Office Supplies
Consumer,Technology
Consumer,Office Supplies
Consumer,Office Supplies
Consumer,Office Supplies
Consumer,Office Supplies
Corporate,Office Supplies
Corporate,Office Supplies
Corporate,Furniture
Corporate,Office Supplies
Consumer,Office Supplies
Consumer,Office Supplies
Consumer,Office Supplies
Home Office,Office Supplies
Consumer,Office Supplies
Consumer,Furniture
Corporate,Furniture
Corporate,Furniture
Consumer,Office Supplies
Consumer,Office Supplies
Corporate,Furniture
Corporate,Office Supplies
Home Office,Office Supplies
Corporate,Office Supplies
Home Office,Office Supplies
Consumer,Office Supplies
Consumer,Office Supplies
Consumer,Furniture
Corporate,Office Supplies
Corporate,Technology
Consumer,Office Supplies
Consumer,Office Supplies
Consumer,Office Supplies
Home Office,Office Supplies
Home Office,Office Supplies
Home Office,Technology
Home Office,Office Supplies
Home Office,Office Supplies
Home Office,Office Supplies
Consumer,Furniture
Consumer,Office Supplies
Consumer,Office Supplies
Consumer,Office Supplies
Consumer,Technology
Consumer,Office Supplies
Consumer,Furniture
Corporate,Office Supplies
Home Office,Furniture
Corporate,Furniture
Corporate,Office Supplies
Corporate,Office Supplies
Corporate,Furniture
Consumer,Furniture
Consumer,Office Supplies
Consumer,Furniture
Consumer,Office Supplies
Consumer,Office Supplies
Home Office,Office Supplies
Home Office,Office Supplies
Home Office,Technology
Consumer,Office Supplies
Consumer,Office Supplies
Consumer,Office Supplies
Consumer,Technology
Consumer,Furniture
Consumer,Furniture
Corporate,Technology
Corporate,Office Supplies
Consumer,Furniture
Home Office,Furniture
Consumer,Office Supplies
Consumer,Office Supplies
Consumer,Office Supplies
Consumer,Technology
Consumer,Office Supplies
Corporate,Office Supplies
Corporate,Office Supplies
Consumer,Furniture
Consumer,Office Supplies
Consumer,Furniture
Home Office,Furniture
Home Office,Technology
Home Office,Furniture
Home Office,Office Supplies
Consumer,Office Supplies
Consumer,Furniture
Corporate,Office Supplies
Corporate,Office Supplies
Corporate,Office Supplies
Corporate,Office Supplies
Home Office,Office Supplies
Consumer,Technology
Corporate,Technology
Consumer,Office Supplies
Consumer,Office Supplies
Consumer,Office Supplies
Home Office,Office Supplies
Home Office,Office Supplies
Consumer,Office Supplies
Consumer,Office Supplies
Consumer,Office Supplies
Consumer,Technology
Consumer,Furniture
Consumer,Furniture
Home Office,Office Supplies
Home Office,Office Supplies
Corporate,Office Supplies
Corporate,Furniture
Consumer,Office Supplies
Consumer,Office Supplies
Consumer,Office Supplies
Consumer,Furniture
Corporate,Office Supplies
Corporate,Office Supplies
Consumer,Office Supplies
Consumer,Technology
Corporate,Furniture
Consumer,Office Supplies
Corporate,Office Supplies
Corporate,Technology
Corporate,Office Supplies
Home Office,Office Supplies
Home Office,Office Supplies
Home Office,Office Supplies
Corporate,Furniture
Corporate,Technology
Consumer,Office Supplies
Consumer,Office Supplies
Home Office,Office Supplies
Home Office,Office Supplies
Corporate,Furniture
Corporate,Office Supplies
Corporate,Office Supplies
Home Office,Office Supplies
Home Office,Office Supplies
Home Office,Furniture
Home Office,Technology
Consumer,Office Supplies
Consumer,Furniture
Consumer,Furniture
Consumer,Furniture
Consumer,Office Supplies
Corporate,Furniture
Corporate,Technology
Consumer,Office Supplies
Consumer,Office Supplies
Consumer,Office Supplies
Corporate,Office Supplies
Corporate,Office Supplies
Consumer,Office Supplies
Consumer,Office Supplies
Corporate,Furniture
Corporate,Office Supplies
Corporate,Furniture
Corporate,Office Supplies
Corporate,Office Supplies
Corporate,Technology
Corporate,Office Supplies
Corporate,Furniture
Consumer,Office Supplies
Consumer,Office Supplies
Consumer,Office Supplies
Consumer,Office Supplies
Consumer,Office Supplies
Corporate,Office Supplies
Corporate,Office Supplies
Consumer,Office Supplies
Consumer,Office Supplies
Consumer,Office Supplies
Consumer,Office Supplies
Consumer,Furniture
Corporate,Office Supplies
Consumer,Office Supplies
Home Office,Office Supplies
Home Office,Technology
Consumer,Office Supplies
Consumer,Office Supplies
Corporate,Office Supplies
Corporate,Furniture
Corporate,Office Supplies
Consumer,Office Supplies
Consumer,Technology
Consumer,Office Supplies
Consumer,Office Supplies
Consumer,Office Supplies
Consumer,Technology
Corporate,Furniture
Corporate,Furniture
Corporate,Furniture
Corporate,Office Supplies
Home Office,Technology
Consumer,Technology
Consumer,Furniture
Home Office,Technology
Corporate,Furniture
Consumer,Office Supplies
Corporate,Office Supplies
Corporate,Office Supplies
Corporate,Furniture
Home Office,Office Supplies
Home Office,Office Supplies
Home Office,Furniture
Home Office,Office Supplies
Home Office,Technology
Consumer,Office Supplies
Consumer,Office Supplies
Consumer,Office Supplies
Home Office,Office Supplies
Home Office,Office Supplies
Home Office,Office Supplies
Home Office,Furniture
Corporate,Furniture
Consumer,Office Supplies
Corporate,Office Supplies
Corporate,Office Supplies
Consumer,Office Supplies
Home Office,Office Supplies
Corporate,Office Supplies
Corporate,Office Supplies
Corporate,Furniture
Corporate,Office Supplies
Consumer,Office Supplies
Consumer,Furniture
Consumer,Office Supplies
Consumer,Office Supplies
Consumer,Technology
Home Office,Office Supplies
Corporate,Office Supplies
Corporate,Office Supplies
Corporate,Technology
Corporate,Office Supplies
Corporate,Office Supplies
Home Office,Office Supplies
Corporate,Office Supplies
Home Office,Furniture
Consumer,Furniture
Consumer,Technology
Consumer,Office Supplies
Consumer,Technology
Consumer,Office Supplies
Corporate,Office Supplies
Corporate,Office Supplies
Consumer,Furniture
Consumer,Office Supplies
Consumer,Office Supplies
Consumer,Technology
Consumer,Office Supplies
Corporate,Office Supplies
Corporate,Office Supplies
Corporate,Office Supplies
Corporate,Technology
Corporate,Furniture
Corporate,Office Supplies
Consumer,Office Supplies
Consumer,Office Supplies
Consumer,Office Supplies
Consumer,Technology
Consumer,Office Supplies
Consumer,Office Supplies
Consumer,Furniture
Consumer,Furniture
Consumer,Furniture
Consumer,Office Supplies
Consumer,Technology
Consumer,Office Supplies
Consumer,Technology
Consumer,Furniture
Consumer,Office Supplies
Corporate,Office Supplies
Corporate,Office Supplies
Corporate,Office Supplies
Corporate,Office Supplies
Corporate,Furniture
Corporate,Technology
Corporate,Office Supplies
Corporate,Technology
Consumer,Technology
Home Office,Office Supplies
Home Office,Technology
Home Office,Office Supplies
Corporate,Furniture
Corporate,Furniture
Consumer,Office Supplies
Corporate,Office Supplies
Corporate,Technology
Corporate,Technology
Consumer,Technology
Consumer,Technology
Consumer,Furniture
Consumer,Office Supplies
Home Office,Furniture
Home Office,Office Supplies
Home Office,Office Supplies
Home Office,Technology
Consumer,Office Supplies
Corporate,Office Supplies
Consumer,Technology
Consumer,Office Supplies
Corporate,Furniture
Corporate,Office Supplies
Consumer,Office Supplies
Corporate,Office Supplies
Consumer,Office Supplies
Consumer,Office Supplies
Consumer,Office Supplies
Consumer,Office Supplies
Consumer,Office Supplies
Home Office,Furniture
Home Office,Furniture
Home Office,Technology
Corporate,Office Supplies
Consumer,Office Supplies
Consumer,Technology
Consumer,Office Supplies
Corporate,Furniture
Corporate,Office Supplies
Consumer,Furniture
Consumer,Office Supplies
Consumer,Office Supplies
Consumer,Technology
Consumer,Office Supplies
Home Office,Office Supplies
Home Office,Office Supplies
Consumer,Furniture
Consumer,Office Supplies
Consumer,Office Supplies
Consumer,Office Supplies
Consumer,Office Supplies
Home Office,Office Supplies
Consumer,Office Supplies
Consumer,Technology
Consumer,Office Supplies
Consumer,Furniture
Consumer,Office Supplies
Corporate,Office Supplies
Corporate,Office Supplies
Consumer,Technology
Consumer,Office Supplies
Home Office,Office Supplies
Home Office,Technology
Consumer,Office Supplies
Corporate,Technology
Corporate,Office Supplies
Consumer,Furniture
Consumer,Office Supplies
Consumer,Technology
Consumer,Furniture
Corporate,Technology
Corporate,Office Supplies
Consumer,Furniture
Consumer,Technology
Corporate,Furniture
Corporate,Furniture
Corporate,Office Supplies
Corporate,Technology
Corporate,Office Supplies
Corporate,Technology
Corporate,Furniture
Corporate,Office Supplies
Corporate,Office Supplies
Corporate,Furniture
Consumer,Office Supplies
Consumer,Office Supplies
Consumer,Furniture
Home Office,Office Supplies
Consumer,Office Supplies
Consumer,Furniture
Consumer,Office Supplies
Consumer,Office Supplies
Consumer,Furniture
Consumer,Office Supplies
Consumer,Furniture
Home Office,Technology
Home Office,Technology
Home Office,Furniture
Corporate,Office Supplies
Consumer,Furniture
Consumer,Office Supplies
Corporate,Office Supplies
Consumer,Office Supplies
Consumer,Office Supplies
Consumer,Technology
Corporate,Office Supplies
Consumer,Office Supplies
Corporate,Furniture
Corporate,Office Supplies
Corporate,Technology
Corporate,Technology
Corporate,Office Supplies
Home Office,Technology
Home Office,Office Supplies
Consumer,Office Supplies
Consumer,Office Supplies
Consumer,Office Supplies
Consumer,Office Supplies
Corporate,Furniture
Corporate,Technology
Corporate,Technology
Corporate,Office Supplies
Corporate,Office Supplies
Consumer,Office Supplies
Consumer,Office Supplies
Consumer,Technology
Consumer,Office Supplies
Consumer,Technology
Consumer,Office Supplies
Consumer,Furniture
Consumer,Technology
Corporate,Furniture
Corporate,Technology
Corporate,Office Supplies
Home Office,Office Supplies
Corporate,Furniture
Corporate,Technology
Consumer,Office Supplies
Consumer,Office Supplies
Corporate,Office Supplies
Home Office,Office Supplies
Home Office,Office Supplies
Consumer,Furniture
Consumer,Technology
Corporate,Office Supplies
Home Office,Furniture
Home Office,Office Supplies
Corporate,Office Supplies
Corporate,Office Supplies
Corporate,Office Supplies
Corporate,Technology
Consumer,Office Supplies
Consumer,Office Supplies
Home Office,Furniture
Home Office,Technology
Consumer,Technology
Consumer,Office Supplies
Consumer,Office Supplies
Home Office,Furniture
Home Office,Furniture
Home Office,Office Supplies
Corporate,Office Supplies
Consumer,Office Supplies
Home Office,Office Supplies
Home Office,Furniture
Home Office,Technology
Consumer,Technology
Consumer,Office Supplies
Consumer,Office Supplies
Corporate,Office Supplies
Corporate,Office Supplies
Consumer,Technology
Consumer,Office Supplies
Consumer,Office Supplies
Corporate,Office Supplies
Corporate,Office Supplies
Consumer,Office Supplies
Home Office,Furniture
Home Office,Office Supplies
Home Office,Office Supplies
Home Office,Office Supplies
Home Office,Office Supplies
Home Office,Office Supplies
Consumer,Office Supplies
Consumer,Office Supplies
Consumer,Technology
Consumer,Office Supplies
Consumer,Furniture
Consumer,Office Supplies
Consumer,Office Supplies
Home Office,Office Supplies
Home Office,Furniture
Consumer,Office Supplies
Consumer,Office Supplies
Consumer,Office Supplies
Consumer,Furniture
Consumer,Furniture
Consumer,Technology
Consumer,Technology
Consumer,Office Supplies
Consumer,Furniture
Home Office,Office Supplies
Home Office,Furniture
Home Office,Technology
Consumer,Office Supplies
Home Office,Furniture
Consumer,Technology
Consumer,Office Supplies
Consumer,Office Supplies
Home Office,Office Supplies
Home Office,Office Supplies
Home Office,Office Supplies
Corporate,Technology
Corporate,Technology
Corporate,Furniture
Corporate,Furniture
Corporate,Technology
Corporate,Office Supplies
Corporate,Office Supplies
Corporate,Office Supplies
Consumer,Furniture
Consumer,Furniture
Corporate,Office Supplies
Consumer,Furniture
Consumer,Office Supplies
Consumer,Technology
Consumer,Technology
Consumer,Furniture
Consumer,Office Supplies
Home Office,Office Supplies
Home Office,Office Supplies
Home Office,Office Supplies
Corporate,Office Supplies
Consumer,Technology
Consumer,Office Supplies
Consumer,Office Supplies
Consumer,Furniture
Consumer,Office Supplies
Corporate,Office Supplies
Corporate,Office Supplies
Corporate,Office Supplies
Consumer,Office Supplies
Home Office,Technology
Home Office,Technology
Consumer,Furniture
Consumer,Office Supplies
Home Office,Office Supplies
Corporate,Office Supplies
Corporate,Technology
Consumer,Office Supplies
Consumer,Office Supplies
Consumer,Office Supplies
Consumer,Office Supplies
Consumer,Office Supplies
Corporate,Furniture
Corporate,Furniture
Corporate,Technology
Home Office,Office Supplies
Home Office,Furniture
Corporate,Office Supplies
Corporate,Office Supplies
Consumer,Furniture
Consumer,Office Supplies
Consumer,Technology
Consumer,Office Supplies
Consumer,Technology
Consumer,Office Supplies
Consumer,Office Supplies
Consumer,Office Supplies
Consumer,Office Supplies
Consumer,Office Supplies
Consumer,Technology
Consumer,Furniture
Consumer,Office Supplies
Home Office,Office Supplies
Home Office,Office Supplies
Home Office,Office Supplies
Consumer,Office Supplies
Home Office,Office Supplies
Home Office,Office Supplies
Home Office,Office Supplies
Consumer,Office Supplies
Home Office,Furniture
Consumer,Office Supplies
Consumer,Office Supplies
Corporate,Office Supplies
Corporate,Office Supplies
Consumer,Furniture
Consumer,Furniture
Corporate,Office Supplies
Corporate,Office Supplies
Consumer,Office Supplies
Consumer,Office Supplies
Home Office,Office Supplies
Home Office,Office Supplies
Home Office,Office Supplies
Consumer,Furniture
Consumer,Technology
Consumer,Furniture
Consumer,Office Supplies
Home Office,Office Supplies
Home Office,Office Supplies
Home Office,Technology
Consumer,Furniture
Consumer,Technology
Consumer,Technology
Consumer,Technology
Consumer,Technology
Corporate,Office Supplies
Corporate,Furniture
Consumer,Office Supplies
Corporate,Office Supplies
Corporate,Office Supplies
Corporate,Office Supplies
Corporate,Office Supplies
Home Office,Furniture
Consumer,Office Supplies
Corporate,Office Supplies
Corporate,Furniture
Corporate,Technology
Corporate,Office Supplies
Consumer,Office Supplies
Consumer,Office Supplies
Consumer,Office Supplies
Corporate,Office Supplies
Consumer,Office Supplies
Consumer,Office Supplies
Consumer,Office Supplies
Consumer,Technology
Corporate,Furniture
Corporate,Office Supplies
Corporate,Furniture
Consumer,Office Supplies
Consumer,Furniture
Consumer,Furniture
Home Office,Office Supplies
Consumer,Furniture
Consumer,Office Supplies
Consumer,Furniture
Home Office,Technology
Home Office,Furniture
Home Office,Furniture
Corporate,Furniture
Consumer,Furniture
Consumer,Office Supplies
Corporate,Office Supplies
Home Office,Office Supplies
Home Office,Office Supplies
Home Office,Office Supplies
Home Office,Office Supplies
Home Office,Office Supplies
Consumer,Furniture
Consumer,Technology
Corporate,Office Supplies
Consumer,Technology
Corporate,Office Supplies
Corporate,Technology
Consumer,Furniture
Home Office,Office Supplies
Home Office,Furniture
Home Office,Office Supplies
Home Office,Technology
Home Office,Technology
Home Office,Technology
Home Office,Technology
Home Office,Technology
Home Office,Office Supplies
Consumer,Furniture
Consumer,Office Supplies
Consumer,Technology
Consumer,Furniture
Corporate,Furniture
Corporate,Office Supplies
Corporate,Office Supplies
Corporate,Office Supplies
Corporate,Office Supplies
Corporate,Technology
Corporate,Office Supplies
Corporate,Office Supplies
Consumer,Furniture
Consumer,Furniture
Consumer,Office Supplies
Corporate,Technology
Consumer,Furniture
Consumer,Office Supplies
Consumer,Technology
Consumer,Office Supplies
Consumer,Technology
Consumer,Technology
Consumer,Office Supplies
Consumer,Office Supplies
Consumer,Office Supplies
Consumer,Office Supplies
Home Office,Furniture
Consumer,Furniture
Consumer,Office Supplies
Consumer,Office Supplies
Consumer,Technology
Consumer,Office Supplies
Home Office,Furniture
Home Office,Office Supplies
Home Office,Office Supplies
Home Office,Office Supplies
Corporate,Furniture
Corporate,Technology
Corporate,Furniture
Corporate,Office Supplies
Corporate,Office Supplies
Home Office,Office Supplies
Consumer,Office Supplies
Corporate,Office Supplies
Corporate,Office Supplies
Consumer,Office Supplies
Home Office,Furniture
Consumer,Office Supplies
Consumer,Office Supplies
Consumer,Technology
Consumer,Office Supplies
Consumer,Furniture
Home Office,Office Supplies
Corporate,Office Supplies
Corporate,Office Supplies
Consumer,Technology
Consumer,Office Supplies
Corporate,Technology
Corporate,Office Supplies
Corporate,Technology
Corporate,Office Supplies
Consumer,Office Supplies
Consumer,Technology
Consumer,Furniture
Corporate,Office Supplies
Corporate,Office Supplies
Consumer,Office Supplies
Consumer,Furniture
Consumer,Office Supplies
Consumer,Office Supplies
Consumer,Furniture
Consumer,Technology
Consumer,Technology
Consumer,Office Supplies
Consumer,Technology
Consumer,Office Supplies
Consumer,Furniture
Consumer,Office Supplies
Consumer,Office Supplies
Consumer,Office Supplies
Consumer,Furniture
Consumer,Office Supplies
Consumer,Office Supplies
Consumer,Technology
Consumer,Furniture
Consumer,Office Supplies
Corporate,Office Supplies
Corporate,Furniture
Corporate,Office Supplies
Consumer,Furniture
Home Office,Office Supplies
Consumer,Furniture
Consumer,Furniture
Home Office,Technology
Home Office,Office Supplies
Home Office,Furniture
Home Office,Technology
Corporate,Office Supplies
Corporate,Office Supplies
Corporate,Office Supplies
Corporate,Furniture
Consumer,Furniture
Consumer,Furniture
Consumer,Office Supplies
Consumer,Office Supplies
Consumer,Furniture
Consumer,Technology
Consumer,Furniture
Consumer,Office Supplies
Consumer,Office Supplies
Consumer,Furniture
Corporate,Office Supplies
Corporate,Office Supplies
Corporate,Office Supplies
Corporate,Furniture
Corporate,Office Supplies
Corporate,Technology
Corporate,Office Supplies
Corporate,Office Supplies
Corporate,Furniture
Corporate,Furniture
Home Office,Office Supplies
Consumer,Technology
Consumer,Office Supplies
Home Office,Office Supplies
Home Office,Office Supplies
Home Office,Technology
Consumer,Office Supplies
Consumer,Technology
Consumer,Furniture
Consumer,Office Supplies
Consumer,Furniture
Consumer,Office Supplies
Consumer,Office Supplies
Consumer,Office Supplies
Consumer,Furniture
Consumer,Office Supplies
Consumer,Office Supplies
Corporate,Office Supplies
Corporate,Technology
Consumer,Furniture
Corporate,Office Supplies
Corporate,Office Supplies
Consumer,Office Supplies
Corporate,Technology
Consumer,Furniture
Corporate,Office Supplies
Consumer,Office Supplies
Consumer,Technology
Corporate,Office Supplies
Home Office,Office Supplies
Corporate,Office Supplies
Home Office,Technology
Consumer,Office Supplies
Consumer,Office Supplies
Consumer,Office Supplies
Corporate,Technology
Consumer,Office Supplies
Consumer,Office Supplies
Consumer,Furniture
Consumer,Office Supplies
Consumer,Furniture
Consumer,Office Supplies
Consumer,Office Supplies
Home Office,Furniture
Corporate,Technology
Corporate,Furniture
Consumer,Furniture
Consumer,Furniture
Consumer,Technology
Consumer,Furniture
Consumer,Office Supplies
Consumer,Office Supplies
Consumer,Technology
Consumer,Furniture
Corporate,Office Supplies
Corporate,Office Supplies
Corporate,Technology
Consumer,Office Supplies
Consumer,Technology
Consumer,Office Supplies
Consumer,Technology
Corporate,Office Supplies
Corporate,Technology
Consumer,Office Supplies
Consumer,Office Supplies
Consumer,Technology
Consumer,Office Supplies
Consumer,Furniture
Consumer,Furniture
Consumer,Office Supplies
Consumer,Office Supplies
Home Office,Office Supplies
Consumer,Technology
Corporate,Office Supplies
Home Office,Technology
Consumer,Technology
Consumer,Office Supplies
Consumer,Furniture
Corporate,Office Supplies
Corporate,Office Supplies
Consumer,Technology
Home Office,Office Supplies
Home Office,Office Supplies
Home Office,Office Supplies
Consumer,Technology
Consumer,Technology
Corporate,Technology
Corporate,Office Supplies
Corporate,Office Supplies
Consumer,Office Supplies
Consumer,Furniture
Consumer,Office Supplies
Consumer,Furniture
Consumer,Office Supplies
Consumer,Technology
Corporate,Office Supplies
Consumer,Office Supplies
Corporate,Office Supplies
Corporate,Office Supplies
Corporate,Office Supplies
Corporate,Office Supplies
Home Office,Office Supplies
Consumer,Office Supplies
Consumer,Technology
Consumer,Office Supplies
Consumer,Furniture
Consumer,Furniture
Corporate,Office Supplies
Home Office,Technology
Home Office,Office Supplies
Home Office,Office Supplies
Consumer,Office Supplies
Consumer,Technology
Consumer,Office Supplies
Consumer,Office Supplies
Consumer,Technology
Consumer,Office Supplies
Consumer,Technology
Consumer,Office Supplies
Consumer,Technology
Consumer,Office Supplies
Consumer,Technology
Consumer,Office Supplies
Consumer,Office Supplies
Consumer,Technology
Consumer,Office Supplies
Consumer,Furniture
Consumer,Furniture
Consumer,Office Supplies
Consumer,Office Supplies
Consumer,Furniture
Consumer,Technology
Corporate,Office Supplies
Corporate,Office Supplies
Corporate,Office Supplies
Corporate,Technology
Corporate,Office Supplies
Home Office,Office Supplies
Home Office,Office Supplies
Consumer,Office Supplies
Consumer,Office Supplies
Consumer,Furniture
Corporate,Office Supplies
Corporate,Furniture
Corporate,Office Supplies
Consumer,Technology
Consumer,Office Supplies
Consumer,Technology
Consumer,Office Supplies
Consumer,Technology
Consumer,Office Supplies
Consumer,Office Supplies
Consumer,Office Supplies
Consumer,Office Supplies
Consumer,Office Supplies
Corporate,Office Supplies
Corporate,Office Supplies
Consumer,Office Supplies
Consumer,Office Supplies
Consumer,Office Supplies
Consumer,Technology
Consumer,Furniture
Consumer,Office Supplies
Consumer,Furniture
Consumer,Office Supplies
Consumer,Office Supplies
Consumer,Furniture
Consumer,Office Supplies
Corporate,Office Supplies
Corporate,Office Supplies
Consumer,Office Supplies
Consumer,Office Supplies
Corporate,Office Supplies
Corporate,Furniture
Home Office,Office Supplies
Home Office,Technology
Home Office,Office Supplies
Home Office,Office Supplies
Home Office,Furniture
Home Office,Furniture
Home Office,Office Supplies
Consumer,Furniture
Corporate,Office Supplies
Corporate,Technology
Corporate,Office Supplies
Corporate,Office Supplies
Corporate,Office Supplies
Corporate,Office Supplies
Corporate,Office Supplies
Corporate,Furniture
Corporate,Furniture
Corporate,Office Supplies
Corporate,Technology
Corporate,Furniture
Consumer,Office Supplies
Consumer,Office Supplies
Consumer,Office Supplies
Home Office,Office Supplies
Corporate,Technology
Corporate,Technology
Corporate,Office Supplies
Corporate,Office Supplies
Corporate,Furniture
Consumer,Office Supplies
Consumer,Office Supplies
Consumer,Technology
Corporate,Office Supplies
Consumer,Office Supplies
Consumer,Office Supplies
Consumer,Office Supplies
Consumer,Office Supplies
Corporate,Office Supplies
Corporate,Office Supplies
Corporate,Office Supplies
Corporate,Technology
Consumer,Office Supplies
Home Office,Technology
Consumer,Furniture
Consumer,Office Supplies
Consumer,Office Supplies
Consumer,Office Supplies
Consumer,Office Supplies
Consumer,Technology
Consumer,Furniture
Consumer,Furniture
Consumer,Office Supplies
Consumer,Office Supplies
Consumer,Office Supplies
Home Office,Office Supplies
Home Office,Furniture
Home Office,Furniture
Corporate,Office Supplies
Corporate,Furniture
Corporate,Office Supplies
Corporate,Technology
Consumer,Office Supplies
Consumer,Office Supplies
Consumer,Office Supplies
Consumer,Furniture
Consumer,Office Supplies
Consumer,Furniture
Home Office,Furniture
Consumer,Technology
Consumer,Office Supplies
Consumer,Office Supplies
Consumer,Furniture
Consumer,Office Supplies
Corporate,Office Supplies
Corporate,Office Supplies
Consumer,Office Supplies
Consumer,Office Supplies
Consumer,Office Supplies
Consumer,Office Supplies
Consumer,Office Supplies
Consumer,Office Supplies
Consumer,Furniture
Home Office,Technology
Consumer,Furniture
Home Office,Office Supplies
Corporate,Furniture
Home Office,Office Supplies
Home Office,Technology
Home Office,Office Supplies
Consumer,Office Supplies
Corporate,Office Supplies
Corporate,Furniture
Corporate,Office Supplies
Corporate,Technology
Corporate,Office Supplies
Corporate,Furniture
Corporate,Office Supplies
Corporate,Office Supplies
Corporate,Office Supplies
Consumer,Office Supplies
Consumer,Office Supplies
Corporate,Office Supplies
Corporate,Technology
Consumer,Furniture
Home Office,Technology
Home Office,Furniture
Home Office,Office Supplies
Home Office,Office Supplies
Consumer,Office Supplies
Consumer,Office Supplies
Home Office,Office Supplies
Home Office,Office Supplies
Corporate,Office Supplies
Corporate,Office Supplies
Corporate,Office Supplies
Corporate,Office Supplies
Corporate,Furniture
Consumer,Office Supplies
Consumer,Office Supplies
Consumer,Office Supplies
Consumer,Office Supplies
Home Office,Office Supplies
Home Office,Technology
Consumer,Technology
Corporate,Furniture
Corporate,Office Supplies
Home Office,Office Supplies
Consumer,Office Supplies
Consumer,Furniture
Consumer,Technology
Consumer,Office Supplies
Home Office,Office Supplies
Consumer,Furniture
Corporate,Office Supplies
Corporate,Furniture
Corporate,Furniture
Home Office,Technology
Home Office,Technology
Home Office,Office Supplies
Consumer,Office Supplies
Consumer,Office Supplies
Corporate,Office Supplies
Corporate,Furniture
Corporate,Furniture
Corporate,Office Supplies
Corporate,Office Supplies
Corporate,Technology
Corporate,Office Supplies
Corporate,Furniture
Corporate,Office Supplies
Corporate,Technology
Corporate,Technology
Corporate,Office Supplies
Consumer,Office Supplies
Consumer,Office Supplies
Consumer,Technology
Consumer,Office Supplies
Consumer,Office Supplies
Consumer,Office Supplies
Corporate,Office Supplies
Corporate,Office Supplies
Corporate,Office Supplies
Consumer,Technology
Consumer,Office Supplies
Consumer,Furniture
Home Office,Furniture
Consumer,Office Supplies
Consumer,Office Supplies
Home Office,Office Supplies
Home Office,Furniture
Home Office,Office Supplies
Consumer,Office Supplies
Consumer,Office Supplies
Corporate,Office Supplies
Home Office,Office Supplies
Home Office,Technology
Home Office,Office Supplies
Home Office,Furniture
Home Office,Furniture
Home Office,Office Supplies
Consumer,Furniture
Consumer,Furniture
Corporate,Office Supplies
Corporate,Technology
Consumer,Office Supplies
Consumer,Office Supplies
Consumer,Office Supplies
Consumer,Technology
Corporate,Furniture
Home Office,Office Supplies
Home Office,Technology
Corporate,Furniture
Corporate,Office Supplies
Corporate,Office Supplies
Consumer,Office Supplies
Consumer,Office Supplies
Consumer,Office Supplies
Consumer,Office Supplies
Consumer,Office Supplies
Consumer,Technology
Consumer,Office Supplies
Consumer,Technology
Corporate,Office Supplies
Consumer,Office Supplies
Consumer,Furniture
Consumer,Office Supplies
Consumer,Office Supplies
Consumer,Furniture
Consumer,Office Supplies
Home Office,Office Supplies
Corporate,Office Supplies
Corporate,Office Supplies
Home Office,Office Supplies
Home Office,Office Supplies
Consumer,Technology
Consumer,Office Supplies
Consumer,Office Supplies
Consumer,Furniture
Consumer,Office Supplies
Consumer,Technology
Corporate,Office Supplies
Home Office,Office Supplies
Home Office,Office Supplies
Home Office,Office Supplies
Consumer,Office Supplies
Consumer,Office Supplies
Consumer,Office Supplies
Consumer,Technology
Consumer,Furniture
Consumer,Technology
Consumer,Furniture
Consumer,Technology
Consumer,Furniture
Consumer,Furniture
Corporate,Office Supplies
Consumer,Furniture
Consumer,Technology
Consumer,Office Supplies
Consumer,Office Supplies
Consumer,Office Supplies
Consumer,Furniture
Consumer,Technology
Corporate,Technology
Corporate,Technology
Corporate,Technology
Corporate,Office Supplies
Corporate,Technology
Corporate,Office Supplies
Corporate,Furniture
Corporate,Office Supplies
Corporate,Furniture
Home Office,Office Supplies
Home Office,Technology
Corporate,Office Supplies
Corporate,Furniture
Corporate,Office Supplies
Corporate,Office Supplies
Corporate,Office Supplies
Corporate,Technology
Corporate,Furniture
Corporate,Technology
Corporate,Technology
Corporate,Office Supplies
Corporate,Office Supplies
Consumer,Office Supplies
Consumer,Office Supplies
Consumer,Office Supplies
Consumer,Furniture
Consumer,Office Supplies
Consumer,Office Supplies
Consumer,Office Supplies
Consumer,Furniture
Consumer,Office Supplies
Corporate,Office Supplies
Corporate,Office Supplies
Consumer,Office Supplies
Consumer,Furniture
Corporate,Technology
Corporate,Office Supplies
Corporate,Office Supplies
Consumer,Office Supplies
Consumer,Office Supplies
Consumer,Office Supplies
Corporate,Technology
Corporate,Furniture
Corporate,Office Supplies
Consumer,Office Supplies
Consumer,Office Supplies
Consumer,Technology
Consumer,Technology
Consumer,Office Supplies
Consumer,Office Supplies
Consumer,Office Supplies
Consumer,Office Supplies
Home Office,Office Supplies
Consumer,Office Supplies
Corporate,Office Supplies
Corporate,Office Supplies
Consumer,Office Supplies
Consumer,Technology
Consumer,Technology
Consumer,Furniture
Home Office,Office Supplies
Home Office,Office Supplies
Home Office,Office Supplies
Home Office,Furniture
Consumer,Office Supplies
Consumer,Office Supplies
Consumer,Furniture
Consumer,Office Supplies
Consumer,Furniture
Consumer,Office Supplies
Consumer,Office Supplies
Consumer,Office Supplies
Consumer,Technology
Consumer,Office Supplies
Consumer,Furniture
Consumer,Office Supplies
Corporate,Technology
Corporate,Office Supplies
Consumer,Office Supplies
Consumer,Office Supplies
Consumer,Office Supplies
Consumer,Furniture
Consumer,Office Supplies
Consumer,Office Supplies
Consumer,Office Supplies
Corporate,Office Supplies
Corporate,Office Supplies
Consumer,Office Supplies
Consumer,Office Supplies
Consumer,Office Supplies
Consumer,Office Supplies
Consumer,Office Supplies
Consumer,Office Supplies
Consumer,Technology
Consumer,Furniture
Consumer,Office Supplies
Consumer,Furniture
Consumer,Technology
Corporate,Office Supplies
Corporate,Office Supplies
Home Office,Technology
Home Office,Office Supplies
Home Office,Office Supplies
Home Office,Furniture
Consumer,Office Supplies
Consumer,Office Supplies
Corporate,Technology
Corporate,Office Supplies
Home Office,Furniture
Consumer,Technology
Consumer,Technology
Consumer,Office Supplies
Consumer,Furniture
Consumer,Office Supplies
Consumer,Office Supplies
Consumer,Technology
Consumer,Furniture
Consumer,Office Supplies
Consumer,Furniture
Consumer,Furniture
Consumer,Office Supplies
Consumer,Office Supplies
Consumer,Office Supplies
Corporate,Furniture
Corporate,Furniture
Corporate,Technology
Corporate,Office Supplies
Consumer,Office Supplies
Consumer,Office Supplies
Home Office,Office Supplies
Home Office,Technology
Consumer,Office Supplies
Home Office,Furniture
Corporate,Office Supplies
Corporate,Office Supplies
Consumer,Office Supplies
Consumer,Technology
Home Office,Office Supplies
Consumer,Technology
Consumer,Furniture
Consumer,Office Supplies
Consumer,Office Supplies
Consumer,Technology
Consumer,Office Supplies
Corporate,Office Supplies
Home Office,Technology
Consumer,Office Supplies
Home Office,Furniture
Home Office,Office Supplies
Corporate,Office Supplies
Corporate,Office Supplies
Corporate,Office Supplies
Corporate,Furniture
Corporate,Office Supplies
Corporate,Office Supplies
Corporate,Office Supplies
Home Office,Office Supplies
Home Office,Furniture
Home Office,Office Supplies
Home Office,Technology
Consumer,Technology
Consumer,Office Supplies
Consumer,Technology
Corporate,Office Supplies
Corporate,Office Supplies
Corporate,Office Supplies
Corporate,Office Supplies
Consumer,Office Supplies
Consumer,Office Supplies
Corporate,Office Supplies
Corporate,Furniture
Consumer,Office Supplies
Consumer,Office Supplies
Consumer,Technology
Corporate,Technology
Corporate,Office Supplies
Corporate,Office Supplies
Corporate,Office Supplies
Corporate,Furniture
Corporate,Technology
Corporate,Office Supplies
Corporate,Office Supplies
Home Office,Office Supplies
Corporate,Office Supplies
Corporate,Technology
Corporate,Office Supplies
Corporate,Furniture
Corporate,Furniture
Consumer,Office Supplies
Corporate,Technology
Corporate,Office Supplies
Corporate,Office Supplies
Home Office,Office Supplies
Consumer,Office Supplies
Consumer,Technology
Consumer,Technology
Consumer,Office Supplies
Home Office,Office Supplies
Consumer,Furniture
Consumer,Technology
Consumer,Office Supplies
Consumer,Technology
Consumer,Office Supplies
Consumer,Office Supplies
Consumer,Furniture
Consumer,Office Supplies
Consumer,Office Supplies
Consumer,Furniture
Consumer,Technology
Consumer,Furniture
Consumer,Technology
Consumer,Technology
Consumer,Office Supplies
Consumer,Office Supplies
Consumer,Office Supplies
Consumer,Technology
Consumer,Technology
Consumer,Office Supplies
Corporate,Office Supplies
Consumer,Office Supplies
Corporate,Office Supplies
Corporate,Technology
Corporate,Office Supplies
Corporate,Technology
Consumer,Office Supplies
Consumer,Office Supplies
Consumer,Technology
Home Office,Furniture
Home Office,Office Supplies
Corporate,Office Supplies
Corporate,Office Supplies
Consumer,Office Supplies
Consumer,Technology
Corporate,Office Supplies
Consumer,Technology
Home Office,Office Supplies
Corporate,Office Supplies
Consumer,Office Supplies
Consumer,Office Supplies
Consumer,Office Supplies
Consumer,Technology
Consumer,Furniture
Consumer,Office Supplies
Consumer,Office Supplies
Consumer,Office Supplies
Corporate,Furniture
Consumer,Technology
Home Office,Office Supplies
Consumer,Furniture
Consumer,Technology
Consumer,Office Supplies
Consumer,Office Supplies
Consumer,Office Supplies
Consumer,Office Supplies
Consumer,Office Supplies
Consumer,Technology
Consumer,Technology
Consumer,Office Supplies
Consumer,Office Supplies
Consumer,Furniture
Consumer,Office Supplies
Corporate,Office Supplies
Consumer,Technology
Consumer,Office Supplies
Consumer,Furniture
Corporate,Technology
Corporate,Technology
Corporate,Furniture
Home Office,Technology
Consumer,Office Supplies
Consumer,Office Supplies
Corporate,Technology
Corporate,Technology
Corporate,Technology
Corporate,Technology
Home Office,Technology
Home Office,Office Supplies
Consumer,Furniture
Home Office,Office Supplies
Home Office,Technology
Home Office,Office Supplies
Home Office,Office Supplies
Home Office,Office Supplies
Consumer,Furniture
Consumer,Office Supplies
Home Office,Office Supplies
Home Office,Office Supplies
Consumer,Office Supplies
Consumer,Furniture
Consumer,Office Supplies
Consumer,Furniture
Consumer,Office Supplies
Consumer,Furniture
Consumer,Technology
Consumer,Office Supplies
Corporate,Office Supplies
Consumer,Office Supplies
Corporate,Office Supplies
Corporate,Office Supplies
Corporate,Office Supplies
Home Office,Furniture
Corporate,Office Supplies
Corporate,Furniture
Corporate,Office Supplies
Corporate,Office Supplies
Corporate,Office Supplies
Home Office,Office Supplies
Consumer,Office Supplies
Home Office,Furniture
Home Office,Office Supplies
Home Office,Technology
Home Office,Office Supplies
Home Office,Office Supplies
Home Office,Office Supplies
Consumer,Furniture
Corporate,Office Supplies
Corporate,Office Supplies
Home Office,Office Supplies
Home Office,Office Supplies
Home Office,Technology
Home Office,Furniture
Home Office,Technology
Home Office,Furniture
Home Office,Office Supplies
Home Office,Furniture
Home Office,Office Supplies
Consumer,Office Supplies
Consumer,Office Supplies
Consumer,Office Supplies
Consumer,Office Supplies
Consumer,Furniture
Consumer,Office Supplies
Consumer,Furniture
Consumer,Office Supplies
Corporate,Office Supplies
Consumer,Office Supplies
Corporate,Office Supplies
Consumer,Office Supplies
Corporate,Office Supplies
Corporate,Office Supplies
Corporate,Office Supplies
Consumer,Office Supplies
Home Office,Technology
Corporate,Office Supplies
Home Office,Office Supplies
Corporate,Office Supplies
Corporate,Office Supplies
Corporate,Office Supplies
Corporate,Office Supplies
Corporate,Furniture
Consumer,Office Supplies
Consumer,Office Supplies
Consumer,Office Supplies
Consumer,Furniture
Home Office,Technology
Consumer,Office Supplies
Home Office,Technology
Consumer,Office Supplies
Consumer,Furniture
Consumer,Office Supplies
Consumer,Office Supplies
Consumer,Office Supplies
Corporate,Technology
Home Office,Office Supplies
Home Office,Technology
Home Office,Office Supplies
Home Office,Office Supplies
Home Office,Furniture
Home Office,Furniture
Home Office,Office Supplies
Home Office,Office Supplies
Home Office,Furniture
Home Office,Office Supplies
Home Office,Furniture
Corporate,Furniture
Consumer,Furniture
Consumer,Office Supplies
Consumer,Office Supplies
Consumer,Office Supplies
Consumer,Furniture
Consumer,Technology
Corporate,Office Supplies
Corporate,Office Supplies
Consumer,Office Supplies
Consumer,Office Supplies
Corporate,Furniture
Consumer,Office Supplies
Consumer,Office Supplies
Home Office,Furniture
Home Office,Office Supplies
Home Office,Technology
Corporate,Office Supplies
Home Office,Furniture
Home Office,Technology
Home Office,Office Supplies
Home Office,Office Supplies
Home Office,Office Supplies
Home Office,Office Supplies
Corporate,Technology
Corporate,Furniture
Corporate,Technology
Home Office,Technology
Corporate,Furniture
Corporate,Office Supplies
Corporate,Office Supplies
Corporate,Furniture
Corporate,Furniture
Corporate,Technology
Home Office,Furniture
Home Office,Office Supplies
Home Office,Office Supplies
Home Office,Technology
Home Office,Office Supplies
Home Office,Office Supplies
Corporate,Office Supplies
Consumer,Office Supplies
Consumer,Office Supplies
Consumer,Office Supplies
Consumer,Office Supplies
Consumer,Office Supplies
Consumer,Furniture
Consumer,Technology
Consumer,Technology
Consumer,Technology
Home Office,Office Supplies
Home Office,Office Supplies
Home Office,Technology
Home Office,Office Supplies
Home Office,Furniture
Consumer,Office Supplies
Consumer,Office Supplies
Corporate,Technology
Corporate,Technology
Corporate,Technology
Corporate,Office Supplies
Corporate,Office Supplies
Consumer,Furniture
Consumer,Office Supplies
Corporate,Furniture
Corporate,Furniture
Corporate,Furniture
Consumer,Office Supplies
Consumer,Furniture
Consumer,Office Supplies
Consumer,Office Supplies
Consumer,Office Supplies
Consumer,Furniture
Consumer,Office Supplies
Consumer,Furniture
Home Office,Furniture
Home Office,Office Supplies
Corporate,Technology
Corporate,Office Supplies
Home Office,Technology
Home Office,Office Supplies
Consumer,Technology
Consumer,Office Supplies
Corporate,Technology
Consumer,Technology
Consumer,Office Supplies
Consumer,Furniture
Consumer,Furniture
Home Office,Technology
Home Office,Office Supplies
Home Office,Technology
Consumer,Furniture
Consumer,Office Supplies
Corporate,Office Supplies
Corporate,Office Supplies
Corporate,Office Supplies
Corporate,Office Supplies
Consumer,Office Supplies
Consumer,Office Supplies
Consumer,Office Supplies
Consumer,Furniture
Corporate,Technology
Corporate,Technology
Corporate,Office Supplies
Consumer,Office Supplies
Consumer,Office Supplies
Consumer,Furniture
Consumer,Office Supplies
Home Office,Office Supplies
Consumer,Furniture
Home Office,Office Supplies
Home Office,Office Supplies
Consumer,Technology
Home Office,Office Supplies
Corporate,Furniture
Corporate,Office Supplies
Corporate,Office Supplies
Corporate,Office Supplies
Corporate,Furniture
Consumer,Office Supplies
Corporate,Office Supplies
Consumer,Office Supplies
Corporate,Furniture
Corporate,Office Supplies
Home Office,Technology
Corporate,Technology
Corporate,Furniture
Corporate,Office Supplies
Corporate,Office Supplies
Consumer,Office Supplies
Corporate,Technology
Home Office,Office Supplies
Corporate,Furniture
Corporate,Office Supplies
Corporate,Office Supplies
Corporate,Office Supplies
Corporate,Technology
Consumer,Technology
Home Office,Office Supplies
Corporate,Office Supplies
Corporate,Office Supplies
Corporate,Furniture
Corporate,Furniture
Consumer,Furniture
Consumer,Office Supplies
Consumer,Furniture
Consumer,Office Supplies
Corporate,Furniture
Corporate,Office Supplies
Consumer,Office Supplies
Consumer,Office Supplies
Consumer,Office Supplies
Corporate,Office Supplies
Corporate,Office Supplies
Home Office,Office Supplies
Home Office,Office Supplies
Consumer,Office Supplies
Consumer,Office Supplies
Consumer,Office Supplies
Consumer,Furniture
Corporate,Technology
Corporate,Office Supplies
Home Office,Furniture
Home Office,Furniture
Home Office,Technology
Home Office,Furniture
Corporate,Office Supplies
Corporate,Furniture
Corporate,Technology
Corporate,Office Supplies
Home Office,Office Supplies
Consumer,Office Supplies
Consumer,Office Supplies
Home Office,Office Supplies
Home Office,Office Supplies
Home Office,Office Supplies
Consumer,Technology
Consumer,Office Supplies
Corporate,Office Supplies
Corporate,Office Supplies
Home Office,Technology
Home Office,Technology
Home Office,Office Supplies
Home Office,Technology
Corporate,Furniture
Consumer,Office Supplies
Consumer,Furniture
Home Office,Office Supplies
Consumer,Office Supplies
Consumer,Furniture
Corporate,Technology
Corporate,Office Supplies
Consumer,Technology
Corporate,Office Supplies
Corporate,Office Supplies
Corporate,Furniture
Corporate,Technology
Consumer,Office Supplies
Consumer,Technology
Consumer,Office Supplies
Consumer,Office Supplies
Consumer,Office Supplies
Consumer,Technology
Consumer,Office Supplies
Corporate,Furniture
Corporate,Furniture
Corporate,Furniture
Corporate,Furniture
Corporate,Office Supplies
Corporate,Office Supplies
Consumer,Furniture
Consumer,Office Supplies
Consumer,Technology
Consumer,Office Supplies
Consumer,Furniture
Consumer,Office Supplies
Corporate,Technology
Corporate,Office Supplies
Consumer,Office Supplies
Consumer,Technology
Consumer,Office Supplies
Home Office,Office Supplies
Home Office,Office Supplies
Home Office,Technology
Corporate,Furniture
Corporate,Technology
Corporate,Office Supplies
Corporate,Office Supplies
Corporate,Furniture
Corporate,Technology
Home Office,Office Supplies
Corporate,Office Supplies
Corporate,Office Supplies
Corporate,Office Supplies
Corporate,Office Supplies
Consumer,Technology
Consumer,Office Supplies
Consumer,Technology
Consumer,Furniture
Consumer,Office Supplies
Consumer,Office Supplies
Consumer,Office Supplies
Corporate,Office Supplies
Corporate,Furniture
Consumer,Office Supplies
Consumer,Office Supplies
Consumer,Office Supplies
Consumer,Technology
Consumer,Office Supplies
Consumer,Furniture
Consumer,Office Supplies
Consumer,Office Supplies
Consumer,Office Supplies
Consumer,Furniture
Consumer,Office Supplies
Consumer,Technology
Consumer,Furniture
Consumer,Furniture
Consumer,Furniture
Consumer,Furniture
Consumer,Furniture
Consumer,Office Supplies
Home Office,Office Supplies
Home Office,Office Supplies
Home Office,Furniture
Home Office,Office Supplies
Home Office,Office Supplies
Corporate,Technology
Corporate,Office Supplies
Consumer,Office Supplies
Consumer,Furniture
Consumer,Office Supplies
Consumer,Office Supplies
Corporate,Office Supplies
Corporate,Office Supplies
Corporate,Office Supplies
Home Office,Office Supplies
Home Office,Office Supplies
Home Office,Office Supplies
Home Office,Office Supplies
Home Office,Furniture
Home Office,Office Supplies
Corporate,Office Supplies
Corporate,Furniture
Corporate,Technology
Corporate,Office Supplies
Corporate,Furniture
Corporate,Office Supplies
Corporate,Office Supplies
Corporate,Technology
Consumer,Office Supplies
Corporate,Office Supplies
Consumer,Office Supplies
Corporate,Office Supplies
Consumer,Office Supplies
Consumer,Office Supplies
Home Office,Furniture
Consumer,Office Supplies
Corporate,Furniture
Corporate,Office Supplies
Corporate,Furniture
Corporate,Office Supplies
Consumer,Furniture
Consumer,Office Supplies
Consumer,Office Supplies
Consumer,Office Supplies
Consumer,Office Supplies
Consumer,Technology
Corporate,Office Supplies
Consumer,Office Supplies
Corporate,Technology
Consumer,Technology
Home Office,Technology
Home Office,Furniture
Consumer,Office Supplies
Corporate,Office Supplies
Consumer,Furniture
Consumer,Technology
Consumer,Office Supplies
Consumer,Office Supplies
Consumer,Office Supplies
Corporate,Technology
Corporate,Office Supplies
Home Office,Office Supplies
Home Office,Office Supplies
Corporate,Furniture
Corporate,Technology
Consumer,Technology
Consumer,Technology
Consumer,Office Supplies
Consumer,Office Supplies
Home Office,Office Supplies
Home Office,Office Supplies
Home Office,Office Supplies
Home Office,Office Supplies
Corporate,Technology
Corporate,Office Supplies
Home Office,Office Supplies
Consumer,Office Supplies
Consumer,Office Supplies
Corporate,Technology
Consumer,Technology
Corporate,Office Supplies
Corporate,Technology
Consumer,Office Supplies
Consumer,Office Supplies
Consumer,Furniture
Consumer,Office Supplies
Consumer,Office Supplies
Consumer,Technology
Consumer,Office Supplies
Consumer,Furniture
Consumer,Furniture
Home Office,Office Supplies
Home Office,Office Supplies
Home Office,Office Supplies
Home Office,Office Supplies
Home Office,Office Supplies
Corporate,Office Supplies
Consumer,Office Supplies
Consumer,Furniture
Consumer,Office Supplies
Consumer,Office Supplies
Consumer,Office Supplies
Consumer,Office Supplies
Consumer,Furniture
Consumer,Office Supplies
Home Office,Office Supplies
Home Office,Office Supplies
Consumer,Furniture
Consumer,Office Supplies
Home Office,Office Supplies
Home Office,Office Supplies
Home Office,Office Supplies
Home Office,Office Supplies
Home Office,Technology
Consumer,Office Supplies
Home Office,Furniture
Home Office,Furniture
Home Office,Technology
Consumer,Furniture
Consumer,Office Supplies
Consumer,Office Supplies
Home Office,Technology
Home Office,Technology
Consumer,Technology
Consumer,Furniture
Consumer,Office Supplies
Consumer,Technology
Consumer,Office Supplies
Consumer,Technology
Corporate,Furniture
Consumer,Office Supplies
Home Office,Office Supplies
Corporate,Furniture
Home Office,Furniture
Corporate,Furniture
Corporate,Office Supplies
Corporate,Technology
Corporate,Office Supplies
Corporate,Technology
Corporate,Office Supplies
Corporate,Office Supplies
Consumer,Furniture
Corporate,Furniture
Home Office,Technology
Home Office,Technology
Corporate,Office Supplies
Corporate,Technology
Corporate,Technology
Corporate,Technology
Corporate,Furniture
Corporate,Office Supplies
Corporate,Technology
Corporate,Furniture
Corporate,Office Supplies
Home Office,Office Supplies
Home Office,Office Supplies
Consumer,Office Supplies
Consumer,Office Supplies
Consumer,Technology
Home Office,Furniture
Consumer,Office Supplies
Consumer,Office Supplies
Home Office,Office Supplies
Consumer,Office Supplies
Consumer,Office Supplies
Consumer,Office Supplies
Consumer,Office Supplies
Consumer,Office Supplies
Home Office,Office Supplies
Consumer,Office Supplies
Corporate,Office Supplies
Consumer,Furniture
Home Office,Furniture
Consumer,Technology
Consumer,Office Supplies
Corporate,Office Supplies
Corporate,Office Supplies
Consumer,Office Supplies
Consumer,Office Supplies
Consumer,Office Supplies
Corporate,Technology
Home Office,Technology
Home Office,Office Supplies
Home Office,Furniture
Home Office,Furniture
Home Office,Technology
Home Office,Technology
Home Office,Office Supplies
Home Office,Office Supplies
Home Office,Technology
Home Office,Office Supplies
Home Office,Technology
Home Office,Furniture
Corporate,Office Supplies
Corporate,Technology
Consumer,Office Supplies
Consumer,Office Supplies
Consumer,Office Supplies
Corporate,Office Supplies
Consumer,Office Supplies
Consumer,Office Supplies
Consumer,Office Supplies
Corporate,Technology
Consumer,Office Supplies
Consumer,Office Supplies
Home Office,Office Supplies
Home Office,Office Supplies
Corporate,Technology
Corporate,Technology
Corporate,Office Supplies
Home Office,Technology
Consumer,Office Supplies
Consumer,Office Supplies
Consumer,Furniture
Consumer,Office Supplies
Consumer,Office Supplies
Consumer,Office Supplies
Consumer,Office Supplies
Corporate,Office Supplies
Corporate,Furniture
Corporate,Technology
Corporate,Technology
Corporate,Furniture
Consumer,Office Supplies
Consumer,Technology
Consumer,Technology
Consumer,Technology
Consumer,Technology
Consumer,Office Supplies
Corporate,Furniture
Consumer,Office Supplies
Consumer,Technology
Consumer,Office Supplies
Corporate,Office Supplies
Consumer,Office Supplies
Home Office,Office Supplies
Consumer,Office Supplies
Consumer,Furniture
Consumer,Furniture
Consumer,Office Supplies
Consumer,Office Supplies
Corporate,Technology
Consumer,Office Supplies
Home Office,Office Supplies
Home Office,Technology
Consumer,Office Supplies
Consumer,Furniture
Consumer,Technology
Consumer,Office Supplies
Consumer,Technology
Consumer,Furniture
Corporate,Office Supplies
Corporate,Technology
Corporate,Office Supplies
Corporate,Technology
Consumer,Furniture
Consumer,Furniture
Consumer,Office Supplies
Consumer,Office Supplies
Consumer,Furniture
Consumer,Technology
Consumer,Technology
Corporate,Office Supplies
Corporate,Office Supplies
Corporate,Office Supplies
Corporate,Office Supplies
Consumer,Office Supplies
Consumer,Technology
Consumer,Office Supplies
Consumer,Furniture
Consumer,Office Supplies
Corporate,Technology
Corporate,Technology
Consumer,Office Supplies
Consumer,Technology
Consumer,Office Supplies
Consumer,Office Supplies
Consumer,Office Supplies
Corporate,Office Supplies
Home Office,Furniture
Consumer,Office Supplies
Consumer,Office Supplies
Consumer,Technology
Corporate,Office Supplies
Corporate,Office Supplies
Corporate,Office Supplies
Corporate,Office Supplies
Corporate,Office Supplies
Consumer,Office Supplies
Consumer,Furniture
Corporate,Office Supplies
Corporate,Office Supplies
Corporate,Office Supplies
Corporate,Furniture
Consumer,Furniture
Home Office,Office Supplies
Home Office,Office Supplies
Consumer,Technology
Consumer,Office Supplies
Consumer,Office Supplies
Consumer,Office Supplies
Consumer,Furniture
Consumer,Furniture
Corporate,Furniture
Consumer,Furniture
Consumer,Office Supplies
Consumer,Office Supplies
Consumer,Furniture
Corporate,Office Supplies
Corporate,Office Supplies
Corporate,Furniture
Corporate,Office Supplies
Consumer,Office Supplies
Consumer,Furniture
Consumer,Office Supplies
Consumer,Office Supplies
Consumer,Office Supplies
Consumer,Office Supplies
Home Office,Office Supplies
Home Office,Furniture
Consumer,Furniture
Consumer,Office Supplies
Consumer,Office Supplies
Consumer,Office Supplies
Consumer,Furniture
Consumer,Furniture
Consumer,Furniture
Consumer,Office Supplies
Consumer,Office Supplies
Consumer,Furniture
Consumer,Technology
Consumer,Office Supplies
Consumer,Furniture
Home Office,Furniture
Corporate,Technology
Corporate,Technology
Corporate,Furniture
Consumer,Furniture
Consumer,Furniture
Home Office,Office Supplies
Home Office,Office Supplies
Home Office,Office Supplies
Home Office,Office Supplies
Home Office,Technology
Consumer,Office Supplies
Consumer,Office Supplies
Corporate,Office Supplies
Corporate,Office Supplies
Consumer,Office Supplies
Consumer,Technology
Consumer,Office Supplies
Consumer,Technology
Consumer,Office Supplies
Consumer,Technology
Consumer,Technology
Consumer,Office Supplies
Corporate,Furniture
Corporate,Office Supplies
Consumer,Furniture
Corporate,Office Supplies
Consumer,Furniture
Consumer,Office Supplies
Consumer,Technology
Consumer,Technology
Consumer,Office Supplies
Corporate,Office Supplies
Corporate,Office Supplies
Corporate,Office Supplies
Corporate,Furniture
Corporate,Office Supplies
Consumer,Office Supplies
Corporate,Office Supplies
Corporate,Furniture
Corporate,Technology
Corporate,Office Supplies
Home Office,Office Supplies
Home Office,Office Supplies
Consumer,Office Supplies
Consumer,Office Supplies
Corporate,Office Supplies
Consumer,Office Supplies
Consumer,Office Supplies
Consumer,Furniture
Consumer,Office Supplies
Consumer,Office Supplies
Corporate,Technology
Corporate,Office Supplies
Corporate,Office Supplies
Consumer,Office Supplies
Corporate,Office Supplies
Corporate,Office Supplies
Corporate,Office Supplies
Consumer,Furniture
Consumer,Furniture
Consumer,Technology
Home Office,Office Supplies
Consumer,Furniture
Consumer,Office Supplies
Corporate,Technology
Corporate,Office Supplies
Consumer,Office Supplies
Consumer,Furniture
Consumer,Office Supplies
Consumer,Technology
Consumer,Office Supplies
Consumer,Furniture
Consumer,Office Supplies
Corporate,Furniture
Consumer,Furniture
Consumer,Technology
Consumer,Technology
Corporate,Office Supplies
Corporate,Office Supplies
Corporate,Office Supplies
Consumer,Office Supplies
Home Office,Office Supplies
Home Office,Office Supplies
Home Office,Furniture
Home Office,Technology
Home Office,Furniture
Home Office,Technology
Home Office,Furniture
Consumer,Technology
Consumer,Furniture
Corporate,Furniture
Corporate,Technology
Corporate,Office Supplies
Corporate,Technology
Consumer,Office Supplies
Consumer,Office Supplies
Consumer,Office Supplies
Consumer,Furniture
Consumer,Technology
Consumer,Office Supplies
Consumer,Office Supplies
Corporate,Office Supplies
Corporate,Office Supplies
Home Office,Furniture
Home Office,Furniture
Home Office,Furniture
Home Office,Office Supplies
Home Office,Office Supplies
Consumer,Office Supplies
Corporate,Technology
Corporate,Office Supplies
Home Office,Office Supplies
Home Office,Furniture
Home Office,Furniture
Consumer,Office Supplies
Consumer,Furniture
Consumer,Furniture
Home Office,Office Supplies
Home Office,Furniture
Consumer,Office Supplies
Consumer,Office Supplies
Home Office,Office Supplies
Home Office,Technology
Consumer,Office Supplies
Consumer,Technology
Consumer,Furniture
Home Office,Office Supplies
Home Office,Technology
Home Office,Office Supplies
Home Office,Furniture
Corporate,Technology
Consumer,Furniture
Consumer,Office Supplies
Consumer,Technology
Consumer,Office Supplies
Consumer,Office Supplies
Consumer,Office Supplies
Consumer,Technology
Consumer,Office Supplies
Consumer,Office Supplies
Consumer,Technology
Consumer,Technology
Consumer,Office Supplies
Consumer,Office Supplies
Consumer,Technology
Home Office,Office Supplies
Home Office,Technology
Consumer,Technology
Consumer,Furniture
Consumer,Office Supplies
Consumer,Office Supplies
Consumer,Office Supplies
Consumer,Furniture
Home Office,Office Supplies
Home Office,Furniture
Home Office,Furniture
Corporate,Office Supplies
Consumer,Office Supplies
Consumer,Furniture
Corporate,Office Supplies
Corporate,Furniture
Corporate,Office Supplies
Home Office,Furniture
Consumer,Office Supplies
Consumer,Office Supplies
Consumer,Furniture
Corporate,Office Supplies
Corporate,Office Supplies
Corporate,Office Supplies
Consumer,Office Supplies
Consumer,Office Supplies
Consumer,Furniture
Corporate,Office Supplies
Corporate,Office Supplies
Corporate,Office Supplies
Corporate,Office Supplies
Corporate,Office Supplies
Corporate,Office Supplies
Home Office,Office Supplies
Consumer,Office Supplies
Consumer,Technology
Corporate,Technology
Corporate,Furniture
Corporate,Office Supplies
Consumer,Furniture
Corporate,Office Supplies
Consumer,Office Supplies
Corporate,Office Supplies
Corporate,Office Supplies
Corporate,Furniture
Corporate,Technology
Corporate,Furniture
Corporate,Technology
Corporate,Furniture
Consumer,Office Supplies
Corporate,Office Supplies
Corporate,Technology
Consumer,Office Supplies
Consumer,Technology
Consumer,Office Supplies
Consumer,Office Supplies
Consumer,Office Supplies
Consumer,Technology
Consumer,Office Supplies
Consumer,Office Supplies
Consumer,Technology
Consumer,Office Supplies
Consumer,Office Supplies
Consumer,Office Supplies
Home Office,Furniture
Consumer,Furniture
Consumer,Office Supplies
Consumer,Office Supplies
Consumer,Technology
Consumer,Technology
Consumer,Office Supplies
Consumer,Office Supplies
Consumer,Furniture
Consumer,Furniture
Consumer,Furniture
Consumer,Office Supplies
Corporate,Furniture
Corporate,Furniture
Corporate,Furniture
Corporate,Office Supplies
Corporate,Office Supplies
Corporate,Technology
Consumer,Office Supplies
Consumer,Office Supplies
Consumer,Technology
Consumer,Technology
Consumer,Technology
Consumer,Office Supplies
Corporate,Office Supplies
Consumer,Furniture
Consumer,Furniture
Consumer,Furniture
Corporate,Furniture
Consumer,Office Supplies
Consumer,Office Supplies
Consumer,Technology
Consumer,Office Supplies
Corporate,Technology
Corporate,Furniture
Corporate,Furniture
Corporate,Office Supplies
Consumer,Office Supplies
Consumer,Office Supplies
Consumer,Furniture
Consumer,Office Supplies
Home Office,Office Supplies
Home Office,Furniture
Home Office,Technology
Home Office,Office Supplies
Home Office,Office Supplies
Consumer,Office Supplies
Consumer,Office Supplies
Corporate,Office Supplies
Consumer,Technology
Corporate,Office Supplies
Corporate,Office Supplies
Consumer,Technology
Consumer,Furniture
Corporate,Office Supplies
Consumer,Office Supplies
Consumer,Technology
Home Office,Office Supplies
Consumer,Technology
Consumer,Technology
Consumer,Office Supplies
Consumer,Furniture
Consumer,Office Supplies
Consumer,Office Supplies
Consumer,Office Supplies
Consumer,Furniture
Consumer,Furniture
Consumer,Furniture
Consumer,Office Supplies
Consumer,Office Supplies
Consumer,Office Supplies
Consumer,Office Supplies
Consumer,Furniture
Consumer,Office Supplies
Corporate,Office Supplies
Corporate,Office Supplies
Corporate,Office Supplies
Corporate,Office Supplies
Corporate,Office Supplies
Consumer,Technology
Consumer,Office Supplies
Consumer,Office Supplies
Consumer,Furniture
Consumer,Office Supplies
Home Office,Office Supplies
Consumer,Furniture
Consumer,Office Supplies
Consumer,Technology
Corporate,Office Supplies
Corporate,Furniture
Corporate,Office Supplies
Consumer,Technology
Corporate,Office Supplies
Corporate,Office Supplies
Corporate,Furniture
Corporate,Office Supplies
Corporate,Office Supplies
Consumer,Office Supplies
Consumer,Office Supplies
Corporate,Office Supplies
Consumer,Technology
Consumer,Office Supplies
Consumer,Office Supplies
Consumer,Office Supplies
Consumer,Office Supplies
Home Office,Office Supplies
Home Office,Furniture
Home Office,Office Supplies
Consumer,Office Supplies
Corporate,Office Supplies
Corporate,Office Supplies
Home Office,Furniture
Consumer,Office Supplies
Consumer,Office Supplies
Consumer,Office Supplies
Consumer,Technology
Consumer,Office Supplies
Consumer,Office Supplies
Consumer,Technology
Consumer,Office Supplies
Consumer,Office Supplies
Corporate,Office Supplies
Corporate,Office Supplies
Consumer,Technology
Home Office,Office Supplies
Consumer,Furniture
Consumer,Office Supplies
Consumer,Furniture
Consumer,Office Supplies
Consumer,Office Supplies
Consumer,Furniture
Corporate,Technology
Corporate,Office Supplies
Corporate,Office Supplies
Home Office,Technology
Home Office,Technology
Home Office,Office Supplies
Consumer,Technology
Consumer,Office Supplies
Corporate,Furniture
Consumer,Office Supplies
Consumer,Furniture
Consumer,Office Supplies
Consumer,Technology
Consumer,Furniture
Consumer,Office Supplies
Consumer,Furniture
Consumer,Furniture
Corporate,Technology
Corporate,Technology
Consumer,Office Supplies
Consumer,Office Supplies
Consumer,Technology
Consumer,Office Supplies
Corporate,Furniture
Corporate,Technology
Corporate,Office Supplies
Corporate,Furniture
Home Office,Office Supplies
Home Office,Office Supplies
Corporate,Office Supplies
Consumer,Office Supplies
Consumer,Office Supplies
Consumer,Office Supplies
Consumer,Office Supplies
Corporate,Furniture
Consumer,Office Supplies
Consumer,Office Supplies
Consumer,Furniture
Consumer,Office Supplies
Home Office,Furniture
Home Office,Office Supplies
Home Office,Office Supplies
Home Office,Technology
Home Office,Technology
Home Office,Furniture
Corporate,Technology
Corporate,Technology
Consumer,Furniture
Consumer,Furniture
Consumer,Furniture
Consumer,Technology
Consumer,Office Supplies
Home Office,Technology
Home Office,Office Supplies
Home Office,Office Supplies
Home Office,Office Supplies
Home Office,Furniture
Home Office,Furniture
Corporate,Office Supplies
Consumer,Office Supplies
Consumer,Office Supplies
Consumer,Technology
Corporate,Furniture
Corporate,Furniture
Corporate,Office Supplies
Corporate,Furniture
Consumer,Office Supplies
Home Office,Office Supplies
Home Office,Office Supplies
Home Office,Office Supplies
Corporate,Office Supplies
Corporate,Technology
Corporate,Technology
Corporate,Office Supplies
Corporate,Office Supplies
Consumer,Office Supplies
Consumer,Office Supplies
Consumer,Office Supplies
Home Office,Office Supplies
Home Office,Office Supplies
Consumer,Furniture
Consumer,Office Supplies
Corporate,Office Supplies
Corporate,Office Supplies
Consumer,Office Supplies
Consumer,Office Supplies
Consumer,Furniture
Corporate,Office Supplies
Consumer,Office Supplies
Consumer,Furniture
Consumer,Technology
Consumer,Office Supplies
Consumer,Furniture
Consumer,Office Supplies
Consumer,Office Supplies
Consumer,Furniture
Consumer,Office Supplies
Consumer,Office Supplies
Consumer,Office Supplies
Corporate,Office Supplies
Consumer,Office Supplies
Home Office,Office Supplies
Consumer,Office Supplies
Consumer,Office Supplies
Consumer,Office Supplies
Consumer,Office Supplies
Corporate,Furniture
Corporate,Technology
Consumer,Office Supplies
Consumer,Office Supplies
Consumer,Furniture
Consumer,Office Supplies
Consumer,Furniture
Corporate,Office Supplies
Corporate,Office Supplies
Corporate,Office Supplies
Corporate,Office Supplies
Corporate,Office Supplies
Consumer,Office Supplies
Consumer,Office Supplies
Corporate,Office Supplies
Consumer,Technology
Consumer,Office Supplies
Consumer,Office Supplies
Consumer,Technology
Consumer,Office Supplies
Consumer,Office Supplies
Home Office,Furniture
Consumer,Office Supplies
Consumer,Office Supplies
Consumer,Office Supplies
Consumer,Technology
Consumer,Furniture
Consumer,Technology
Consumer,Furniture
Corporate,Office Supplies
Corporate,Technology
Corporate,Office Supplies
Corporate,Office Supplies
Consumer,Office Supplies
Consumer,Technology
Corporate,Office Supplies
Corporate,Furniture
Consumer,Office Supplies
Consumer,Office Supplies
Consumer,Office Supplies
Home Office,Furniture
Consumer,Furniture
Consumer,Technology
Consumer,Furniture
Consumer,Office Supplies
Consumer,Furniture
Consumer,Technology
Consumer,Office Supplies
Consumer,Office Supplies
Consumer,Office Supplies
Consumer,Office Supplies
Corporate,Furniture
Consumer,Office Supplies
Consumer,Office Supplies
Consumer,Furniture
Consumer,Office Supplies
Consumer,Office Supplies
Corporate,Office Supplies
Corporate,Technology
Corporate,Office Supplies
Corporate,Office Supplies
Corporate,Office Supplies
Corporate,Office Supplies
Corporate,Office Supplies
Home Office,Furniture
Consumer,Office Supplies
Consumer,Office Supplies
Consumer,Office Supplies
Consumer,Furniture
Consumer,Office Supplies
Corporate,Furniture
Consumer,Technology
Consumer,Furniture
Home Office,Technology
Home Office,Office Supplies
Home Office,Furniture
Home Office,Furniture
Consumer,Office Supplies
Corporate,Office Supplies
Corporate,Office Supplies
Corporate,Office Supplies
Corporate,Furniture
Consumer,Furniture
Consumer,Office Supplies
Consumer,Furniture
Consumer,Technology
Consumer,Office Supplies
Consumer,Furniture
Consumer,Office Supplies
Home Office,Office Supplies
Home Office,Office Supplies
Home Office,Office Supplies
Home Office,Technology
Corporate,Office Supplies
Corporate,Office Supplies
Corporate,Office Supplies
Consumer,Office Supplies
Consumer,Office Supplies
Consumer,Office Supplies
Consumer,Office Supplies
Consumer,Office Supplies
Consumer,Furniture
Consumer,Technology
Consumer,Technology
Consumer,Office Supplies
Home Office,Office Supplies
Corporate,Office Supplies
Corporate,Office Supplies
Corporate,Technology
Corporate,Office Supplies
Corporate,Office Supplies
Consumer,Office Supplies
Consumer,Office Supplies
Consumer,Office Supplies
Consumer,Technology
Consumer,Office Supplies
Consumer,Furniture
Corporate,Furniture
Home Office,Office Supplies
Corporate,Office Supplies
Corporate,Furniture
Corporate,Office Supplies
Corporate,Furniture
Corporate,Furniture
Corporate,Furniture
Home Office,Office Supplies
Home Office,Office Supplies
Consumer,Office Supplies
Consumer,Office Supplies
Consumer,Furniture
Consumer,Technology
Consumer,Office Supplies
Corporate,Office Supplies
Corporate,Furniture
Consumer,Office Supplies
Consumer,Furniture
Consumer,Furniture
Consumer,Office Supplies
Consumer,Office Supplies
Consumer,Furniture
Consumer,Furniture
Home Office,Office Supplies
Consumer,Furniture
Consumer,Technology
Consumer,Office Supplies
Corporate,Office Supplies
Corporate,Office Supplies
Consumer,Office Supplies
